ID,Contrast,ERQ,LookNeg_rating,LookNeut_rating,RegNeg_rating,MeanAmygdala,PINESoriginal,PINESlesionAmygdala,PeteReappraisal,BeckerDecoder,ERQcapabilities
30435,/Volumes/THOMAS/AHAB/ER/First_Level/30435/con_0002.nii,4.5,3.230769231,1.357142857,2.857142857,0.0863090753555298,0.0121302943760139,-0.00220188093184321,-0.146739313875569,0.0802523766344907,4.625
30437,/Volumes/THOMAS/AHAB/ER/First_Level/30437/con_0002.nii,4,3.6,1,2.466666667,-0.272100001573563,0.249296963432982,0.274758086616608,-0.507534430989777,0.72532219657968,5
30465,/Volumes/THOMAS/AHAB/ER/First_Level/30465/con_0002.nii,4.83333333333333,4.357142857,1.066666667,3.333333333,0.209388554096222,-0.595360006052852,-0.616282022976841,-0.392228945292026,0.240582482917493,3.25
30634,/Volumes/THOMAS/AHAB/ER/First_Level/30634/con_0002.nii,5,3.333333333,1,2.8,0.143148750066757,-0.882198968190484,-0.890762114289311,-0.590791746191925,0.888935737178302,4.75
30711,/Volumes/THOMAS/AHAB/ER/First_Level/30711/con_0002.nii,5,3.6,1.133333333,2.066666667,-0.0820196345448494,-0.694908666531858,-0.678072107608631,-0.274690386154561,-0.0170476448271825,5
30966,/Volumes/THOMAS/AHAB/ER/First_Level/30966/con_0002.nii,5.5,3.666666667,1.142857143,1.8,0.149459287524223,-0.629724221710681,-0.649533958904103,-0.505660810740976,0.89086151254073,5.75
31022,/Volumes/THOMAS/AHAB/ER/First_Level/31022/con_0002.nii,4.66666666666667,2.923076923,1,2.214285714,-0.032079454511404,-0.358175893688019,-0.350380410620433,-0.670662410972274,1.25746885111262,3.625
31390,/Volumes/THOMAS/AHAB/ER/First_Level/31390/con_0002.nii,5,3.642857143,1.076923077,2.933333333,0.153536409139633,-0.0216310072564564,-0.0354307058113536,-0.0448425684561635,-0.168402520019794,5.5
31668,/Volumes/THOMAS/AHAB/ER/First_Level/31668/con_0002.nii,4.83333333333333,4.230769231,1.142857143,3,-0.116008080542088,-0.780488314793064,-0.759941881602595,-0.382991942274473,0.236523022400193,4.875
31684,/Volumes/THOMAS/AHAB/ER/First_Level/31684/con_0002.nii,5,3.428571429,1.214285714,3.133333333,-0.0257843323051929,-0.260799089255558,-0.254762335274368,-0.264596106765554,0.0789667871320366,5.125
31881,/Volumes/THOMAS/AHAB/ER/First_Level/31881/con_0002.nii,4.33333333333333,3.214285714,1,2.866666667,0.0963953137397766,0.543247104654271,0.526891910497553,-0.557703678014881,0.758286398258472,4.75
32047,/Volumes/THOMAS/AHAB/ER/First_Level/32047/con_0002.nii,3.66666666666667,2.714285714,1,2.266666667,-0.0125567521899939,0.0237871372867352,0.00822750124732673,-0.266057773068646,0.14714180636507,2.875
32073,/Volumes/THOMAS/AHAB/ER/First_Level/32073/con_0002.nii,5.5,3.133333333,1,2.4,0.12017372995615,0.35762682837619,0.337108509829478,-0.113029286879639,0.361082818527247,5.75
32101,/Volumes/THOMAS/AHAB/ER/First_Level/32101/con_0002.nii,3.66666666666667,3.428571429,1,3.444444444,0.0841416344046593,-0.0462270643963602,-0.0691859350855038,-0.0260365293601518,0.119337913288981,5
32271,/Volumes/THOMAS/AHAB/ER/First_Level/32271/con_0002.nii,6,3.642857143,1,2.2,0.132140934467316,-0.763216604342871,-0.761616651657372,-0.207492115769983,0.963423775725217,5.375
32282,/Volumes/THOMAS/AHAB/ER/First_Level/32282/con_0002.nii,4.5,3.928571429,1.076923077,2.785714286,-0.0751045495271683,-0.0118536616444971,0.00212034514990997,-0.433761892609551,0.203336327546879,4.625
32381,/Volumes/THOMAS/AHAB/ER/First_Level/32381/con_0002.nii,5.16666666666667,4.133333333,1.333333333,3.333333333,0.0763266086578369,0.0271599828387028,0.0378515097958001,-0.129135318255792,-0.201599371798353,4.75
32780,/Volumes/THOMAS/AHAB/ER/First_Level/32780/con_0002.nii,5.33333333333333,3.083333333,1.769230769,3.4,0.375181764364243,-0.00721280138714549,-0.0306722421738308,0.185839394392298,-0.135762397033434,5.625
32802,/Volumes/THOMAS/AHAB/ER/First_Level/32802/con_0002.nii,6,2.857142857,1,2.909090909,-0.132806494832039,-0.249204932747296,-0.23442710990698,-0.080084698618562,0.221150216131327,5.25
32905,/Volumes/THOMAS/AHAB/ER/First_Level/32905/con_0002.nii,4.83333333333333,2.733333333,1,1.333333333,0.0332603678107262,-0.611441805429534,-0.604620880647527,-0.072514177070009,0.577788178043985,4.75
32996,/Volumes/THOMAS/AHAB/ER/First_Level/32996/con_0002.nii,5.16666666666667,3.6,1,2.785714286,0.189790964126587,0.298552089756861,0.264699355002053,-0.500784393300159,0.589646792359701,6
33047,/Volumes/THOMAS/AHAB/ER/First_Level/33047/con_0002.nii,6,3.692307692,1.2,3.4,-0.094040647149086,-0.590403046029701,-0.561968327044595,0.322483293439591,0.491035069915307,6
33054,/Volumes/THOMAS/AHAB/ER/First_Level/33054/con_0002.nii,5,3.133333333,1.357142857,2.4,0.410797476768494,0.21911441763553,0.206538337143521,-0.080429683193514,-0.460052744301317,5.375
33071,/Volumes/THOMAS/AHAB/ER/First_Level/33071/con_0002.nii,5.16666666666667,3.5,1.285714286,3.214285714,0.0629899278283119,-0.0321828472902024,-0.0556056347000566,-0.21476279456437,0.114990649097127,5
33202,/Volumes/THOMAS/AHAB/ER/First_Level/33202/con_0002.nii,3.83333333333333,3.1,1.5,3.285714286,-0.403148323297501,0.663790375231652,0.69125931725004,-0.0247859550706633,0.180551475646614,4
33218,/Volumes/THOMAS/AHAB/ER/First_Level/33218/con_0002.nii,5,3.384615385,1.066666667,3.2,-0.11397984623909,0.759713954890851,0.767701835120854,-0.0786573442197762,0.85924553826425,5
33317,/Volumes/THOMAS/AHAB/ER/First_Level/33317/con_0002.nii,2.5,3,1,2.333333333,-0.219605624675751,0.00529674367163649,0.0319252890741129,-0.0548624395136463,-0.0561990927275772,2.625
33442,/Volumes/THOMAS/AHAB/ER/First_Level/33442/con_0002.nii,3.83333333333333,4.785714286,1.153846154,2.857142857,-0.396035134792328,-0.266691459124957,-0.218119914019874,-0.412737416529052,1.03016189187674,4.5
33477,/Volumes/THOMAS/AHAB/ER/First_Level/33477/con_0002.nii,5.33333333333333,1.8,1,1.6,-0.0295841544866562,0.142241258576158,0.13512461814415,-0.218433481349959,0.234285564918497,6
33530,/Volumes/THOMAS/AHAB/ER/First_Level/33530/con_0002.nii,5.83333333333333,3.857142857,1.533333333,1.692307692,-0.0542915835976601,-0.49597196078684,-0.501619796832997,-0.329360000585414,0.972122541340158,5.5
33760,/Volumes/THOMAS/AHAB/ER/First_Level/33760/con_0002.nii,5.16666666666667,3,1,3,0.214598253369331,0.321432380412942,0.30090684274229,-0.0508054991288401,0.153303215708536,6
34494,/Volumes/THOMAS/AHAB/ER/First_Level/34494/con_0002.nii,4.66666666666667,2.923076923,1,2,-0.354595601558685,-0.0691276937694219,-0.0247862917151688,-0.458561460977795,0.428006246847036,5
34874,/Volumes/THOMAS/AHAB/ER/First_Level/34874/con_0002.nii,3.83333333333333,3.076923077,1,2.733333333,0.124218717217445,0.0438285091863572,0.033609141719311,-0.303196767223087,0.656154661940672,4.125
35026,/Volumes/THOMAS/AHAB/ER/First_Level/35026/con_0002.nii,4.5,3.285714286,1,2.8,0.11620057374239,-0.476770756700399,-0.479969967805517,-0.472718625259749,0.257991442827561,5.25
35357,/Volumes/THOMAS/AHAB/ER/First_Level/35357/con_0002.nii,5.83333333333333,3.428571429,1.071428571,3.066666667,0.188223361968994,-0.347253746642916,-0.356180197394864,-0.137795823206367,0.148418900891991,6
35419,/Volumes/THOMAS/AHAB/ER/First_Level/35419/con_0002.nii,4.83333333333333,3.642857143,1.071428571,3.6,0.37048327922821,-0.399449160665449,-0.435627137130551,-0.278807267893048,0.0858093517036157,4.75
35463,/Volumes/THOMAS/AHAB/ER/First_Level/35463/con_0002.nii,6,4.076923077,1,2.357142857,-0.0611383020877838,-0.871932490999374,-0.844922232109209,-0.227560747643667,0.893390588788638,5.875
36192,/Volumes/THOMAS/AHAB/ER/First_Level/36192/con_0002.nii,7,4.533333333,1.384615385,2.6,-0.307676553726196,-0.621651869029556,-0.599936611672944,-0.449499588116085,0.205453694507181,6
36549,/Volumes/THOMAS/AHAB/ER/First_Level/36549/con_0002.nii,5.33333333333333,3.466666667,1,3.5,-0.15654394030571,-0.129127625630506,-0.135776405966261,-0.194637171608161,0.416651106662188,4.875
36746,/Volumes/THOMAS/AHAB/ER/First_Level/36746/con_0002.nii,4.5,4.071428571,1.153846154,3,0.363361656665802,-0.433390975270235,-0.499949026788495,0.0358871763709267,1.01452430730451,4.5
36767,/Volumes/THOMAS/AHAB/ER/First_Level/36767/con_0002.nii,3.33333333333333,3.642857143,1.133333333,2.466666667,0.0775693729519844,0.0785425512960133,0.0882686507349877,0.0436719629084587,0.623960216368601,4.625
37130,/Volumes/THOMAS/AHAB/ER/First_Level/37130/con_0002.nii,5.16666666666667,4.076923077,1.25,2.733333333,-0.0434370115399361,-0.123599070842588,-0.139813423150821,-0.498135295903876,0.465405495135124,3.625
37247,/Volumes/THOMAS/AHAB/ER/First_Level/37247/con_0002.nii,5,4.285714286,1,3.466666667,0.309325248003006,-0.541316777007988,-0.577866781075638,-0.494500759122071,0.877149505180557,5.5
37406,/Volumes/THOMAS/AHAB/ER/First_Level/37406/con_0002.nii,4.33333333333333,3.266666667,1.142857143,2.533333333,-0.236904188990593,-0.256136891235256,-0.235607465363267,-0.422566723219709,0.806248051688414,4.75
37721,/Volumes/THOMAS/AHAB/ER/First_Level/37721/con_0002.nii,4.16666666666667,4.428571429,1,1.933333333,-0.222388446331024,0.0111084477141811,0.0451669785716328,-0.196522844877761,0.234820125646746,3.625
38010,/Volumes/THOMAS/AHAB/ER/First_Level/38010/con_0002.nii,4.83333333333333,4.714285714,1.083333333,2.333333333,-0.203324139118195,0.226406630629634,0.248832330125699,-0.142727984057331,0.771023744381361,4.125
38062,/Volumes/THOMAS/AHAB/ER/First_Level/38062/con_0002.nii,5.5,3.4,1.2,2.866666667,-0.11787373572588,0.340527213379392,0.363955001338202,-0.195413708872305,0.351674524700698,5.375
38222,/Volumes/THOMAS/AHAB/ER/First_Level/38222/con_0002.nii,5,2.714285714,1.066666667,1.733333333,-0.210288971662521,-0.108172279904366,-0.0809614470028724,-0.0196297599443943,-0.460752562135468,5
38424,/Volumes/THOMAS/AHAB/ER/First_Level/38424/con_0002.nii,5,2.066666667,1,2.266666667,0.0143238613381982,0.221095361731936,0.213278862966019,-0.117306861002031,0.39264949735603,4.875
38485,/Volumes/THOMAS/AHAB/ER/First_Level/38485/con_0002.nii,4.83333333333333,2.466666667,1.066666667,2.4,-0.130025610327721,0.153131482327395,0.16292069115874,-0.518597058443753,0.422862638383859,4.125
38540,/Volumes/THOMAS/AHAB/ER/First_Level/38540/con_0002.nii,4.5,3,1,2.733333333,0.350219964981079,-0.157758123052312,-0.165074091599664,-0.221666719372681,0.491406231874794,5
38677,/Volumes/THOMAS/AHAB/ER/First_Level/38677/con_0002.nii,6.5,4,1.071428571,3.214285714,0.362222164869308,0.729088745658761,0.667377638316521,-0.561971495358657,0.51710691103748,5
38694,/Volumes/THOMAS/AHAB/ER/First_Level/38694/con_0002.nii,4.66666666666667,2.733333333,1,2,0.127605214715004,0.0824935782554006,0.0759316335670386,-0.349730202703024,-0.163549980802182,5.25
39148,/Volumes/THOMAS/AHAB/ER/First_Level/39148/con_0002.nii,6.66666666666667,4.153846154,1,2.461538462,-0.43562114238739,-0.61820979240287,-0.552764205702615,-0.157587553258218,0.674102877710457,6.375
39277,/Volumes/THOMAS/AHAB/ER/First_Level/39277/con_0002.nii,5.5,3.071428571,1,3.8,0.111290216445923,0.475485069646787,0.443898127812298,-0.478937443764387,0.445429336456463,5.125
39323,/Volumes/THOMAS/AHAB/ER/First_Level/39323/con_0002.nii,4.33333333333333,2.857142857,1.153846154,2.4,-0.0989693403244019,1.13652680001044,1.1164943507297,-0.671779901879893,0.693038812996689,5
39403,/Volumes/THOMAS/AHAB/ER/First_Level/39403/con_0002.nii,5.5,3.571428571,1.071428571,2.428571429,-0.208534806966782,-0.0258302512332169,-0.0213462034737592,-0.148438613163723,-0.0815744037272129,4.5
39480,/Volumes/THOMAS/AHAB/ER/First_Level/39480/con_0002.nii,5.16666666666667,4.428571429,1,2.8,-0.00283509166911244,-0.912257312051415,-0.906159757116704,-0.349214026232912,0.560447660854106,4.75
39533,/Volumes/THOMAS/AHAB/ER/First_Level/39533/con_0002.nii,6.83333333333333,3.5,1,2.4,0.169645264744759,-0.51262924929873,-0.533468662689526,0.12513866162946,0.0335602876816905,5.25
40231,/Volumes/THOMAS/AHAB/ER/First_Level/40231/con_0002.nii,7,2.266666667,1,1.266666667,0.25605383515358,0.778134291492871,0.743659870447131,-0.168821749198014,-0.0834568607138237,6.875
40496,/Volumes/THOMAS/AHAB/ER/First_Level/40496/con_0002.nii,5.16666666666667,1.857,1,2.466,-0.276520043611526,0.572876176790207,0.599495863416897,-0.140983803377804,-0.323869789364192,5
41170,/Volumes/THOMAS/AHAB/ER/First_Level/41170/con_0002.nii,5.5,2.333333333,1,2.230769231,-0.0904582813382149,0.71568302554,0.74284004176434,0.125663876104092,-0.142142039279505,5.125
41246,/Volumes/THOMAS/AHAB/ER/First_Level/41246/con_0002.nii,4.83333333333333,3.142857143,1.071428571,3.2,-0.0419965609908104,0.380697091275374,0.381345633466435,-0.439766296443798,1.13993267057049,5.5
41673,/Volumes/THOMAS/AHAB/ER/First_Level/41673/con_0002.nii,4,3.6,1,2,-0.130168840289116,-0.386024959244685,-0.366407539902892,-0.306366243489684,0.271393186821226,4
41762,/Volumes/THOMAS/AHAB/ER/First_Level/41762/con_0002.nii,4.33333333333333,2.928571429,1,2.533333333,0.151446163654327,-0.136005769557577,-0.147849814467991,-0.0703858898253174,0.225088633105805,4.25
41779,/Volumes/THOMAS/AHAB/ER/First_Level/41779/con_0002.nii,5.5,3.230769231,1.076923077,3,-0.122195266187191,-0.26546658583023,-0.251416579278171,-0.144244918933811,0.561012046171746,5.875
42239,/Volumes/THOMAS/AHAB/ER/First_Level/42239/con_0002.nii,5,2.384615385,1.2,2.785714286,0.554248452186584,0.409516770648066,0.383374503834018,0.157106267575661,1.04096574832157,4.75
42267,/Volumes/THOMAS/AHAB/ER/First_Level/42267/con_0002.nii,4.5,3.333333333,1.357142857,3.266666667,-0.155610769987106,-0.366888766890374,-0.351490585929048,-0.140051901828911,0.143119100295955,4.625
42313,/Volumes/THOMAS/AHAB/ER/First_Level/42313/con_0002.nii,4.66666666666667,2,1.214285714,2,0.0491001009941101,-0.0751104420534843,-0.0967240957699038,0.181839248373538,-0.269554814851027,4.625
42509,/Volumes/THOMAS/AHAB/ER/First_Level/42509/con_0002.nii,5,2.6,1.066666667,2.142857143,0.0176363121718168,0.560108809589491,0.547285967120161,0.246222867313614,0.449822634119529,4.75
42694,/Volumes/THOMAS/AHAB/ER/First_Level/42694/con_0002.nii,4.16666666666667,4.2,1.142857143,4.266666667,-0.088005818426609,0.0297896774256013,0.0478574048326452,-0.016335523402278,0.796092710854429,3.625
42741,/Volumes/THOMAS/AHAB/ER/First_Level/42741/con_0002.nii,5.5,4.692307692,1,2.769230769,0.147514164447784,-0.885852868864703,-0.926076890197072,-0.0811408985673849,0.228686818780231,4.75
42972,/Volumes/THOMAS/AHAB/ER/First_Level/42972/con_0002.nii,6,3.866666667,1.133333333,2.571428571,0.093651220202446,0.0893594719978973,0.099481583328682,-0.138584418277164,-0.0319137659843823,6.25
43470,/Volumes/THOMAS/AHAB/ER/First_Level/43470/con_0002.nii,2.83333333333333,2.8,1,3,-0.207502007484436,0.508115295045127,0.525245242649067,-0.141731965365638,0.00223309935384232,3.125
43855,/Volumes/THOMAS/AHAB/ER/First_Level/43855/con_0002.nii,5.33333333333333,2.857142857,1.153846154,2.571428571,-0.128545492887497,-0.87933836882849,-0.863268996599971,-0.103257935590791,0.822373248657092,4.25
43959,/Volumes/THOMAS/AHAB/ER/First_Level/43959/con_0002.nii,5,4.428571429,1.076923077,4.285714286,-0.137547165155411,0.0206586791148854,0.0363495087549558,0.112092584025352,0.436787021614571,5
44113,/Volumes/THOMAS/AHAB/ER/First_Level/44113/con_0002.nii,6.16666666666667,3.733333333,1.071428571,2.2,0.0571103394031525,-0.417178181997742,-0.425700852858524,-0.277049042906368,-0.123443394495139,5.875
44116,/Volumes/THOMAS/AHAB/ER/First_Level/44116/con_0002.nii,5.83333333333333,4.142857143,1.066666667,3.214285714,-0.057259064167738,0.196272658042168,0.20755748838332,-0.116158993723947,-0.233323432068542,5.125
44179,/Volumes/THOMAS/AHAB/ER/First_Level/44179/con_0002.nii,4.16666666666667,2.727272727,1,2.666666667,-0.0992037057876587,-0.108197243344558,-0.0882066110295325,-0.237921947977088,0.776035406963546,4.625
44266,/Volumes/THOMAS/AHAB/ER/First_Level/44266/con_0002.nii,5.66666666666667,3.6,1.133333333,3.307692308,-0.083753876388073,0.324692574264104,0.329387775865518,0.065237447558288,0.265053344061308,5.25
44673,/Volumes/THOMAS/AHAB/ER/First_Level/44673/con_0002.nii,2.83333333333333,3.733333333,1,2.4,-0.139339476823807,-0.0112954063456937,-0.0131029182355832,-0.544379052879302,0.719237233218194,3.75
45370,/Volumes/THOMAS/AHAB/ER/First_Level/45370/con_0002.nii,4.16666666666667,3.8,1,2.214285714,0.245728775858879,-0.606205247618815,-0.637063492377696,-0.157237797930127,0.44713423887467,4.25
45540,/Volumes/THOMAS/AHAB/ER/First_Level/45540/con_0002.nii,4,4.846153846,1.181818182,2.307692308,-0.310083150863647,-0.654800581858697,-0.646508556353635,-0.649990761321952,-0.07277032875275,4
45820,/Volumes/THOMAS/AHAB/ER/First_Level/45820/con_0002.nii,6,3.5,1.214285714,3,-0.138038337230682,-0.193214912856222,-0.170133527527708,-0.19819605274115,0.256859832068726,3.875
46003,/Volumes/THOMAS/AHAB/ER/First_Level/46003/con_0002.nii,4.5,2.533333333,1,2.2,-0.0960558950901031,0.963816874151778,0.962122297449021,-0.336178671429539,1.20960685531596,4.25
46507,/Volumes/THOMAS/AHAB/ER/First_Level/46507/con_0002.nii,4.33333333333333,2.928571429,1,2.285714286,0.239448800683022,0.182703116379744,0.163631993667674,-0.0724330375227854,0.411829816894,4.75
46531,/Volumes/THOMAS/AHAB/ER/First_Level/46531/con_0002.nii,4.33333333333333,3,1,2.333333333,-0.0413160249590874,-0.341550390048582,-0.356487609008485,-0.246502693927933,0.666210287183351,5.125
47074,/Volumes/THOMAS/AHAB/ER/First_Level/47074/con_0002.nii,5.16666666666667,3.4,1,1.866666667,0.369229376316071,-0.595128810164197,-0.600160254964563,-0.269255710606433,-0.0491120774522474,6
47092,/Volumes/THOMAS/AHAB/ER/First_Level/47092/con_0002.nii,5.66666666666667,3.933333333,1.2,3.133333333,-0.00802019983530045,0.496629472097205,0.500314618760244,-0.261059869489298,0.276894467596266,5
47169,/Volumes/THOMAS/AHAB/ER/First_Level/47169/con_0002.nii,3,4.2,1.538461538,3.333333333,-0.181168526411057,-0.582058483588242,-0.561913721083145,-0.179745286011709,0.650001349114016,3.625
47402,/Volumes/THOMAS/AHAB/ER/First_Level/47402/con_0002.nii,4.16666666666667,3.6,1,2.928571429,0.540350258350372,1.09830686171776,1.02597798939984,-0.0482900889492027,0.843633999877822,3.5
47521,/Volumes/THOMAS/AHAB/ER/First_Level/47521/con_0002.nii,6,3.928571429,1.285714286,3.692307692,-0.0355131812393665,-0.241550615472688,-0.241137359243841,0.0708482915348811,0.324082119437217,6.875
47686,/Volumes/THOMAS/AHAB/ER/First_Level/47686/con_0002.nii,4.5,3.25,1,2.769230769,0.0402061268687248,0.132254287537794,0.123391175436369,-0.0739482737740074,0.26444226627729,4.875
48186,/Volumes/THOMAS/AHAB/ER/First_Level/48186/con_0002.nii,4,3,1,2.333333333,-0.00556128052994609,-0.157076052370769,-0.154813585434388,-0.337693367543097,0.380728300740855,5.25
48217,/Volumes/THOMAS/AHAB/ER/First_Level/48217/con_0002.nii,7,2.8,1.066666667,2.066666667,0.0277837067842484,-0.134424463893438,-0.154459956612264,-0.477810138580392,0.523482454823737,7
48406,/Volumes/THOMAS/AHAB/ER/First_Level/48406/con_0002.nii,4.33333333333333,4.066666667,1.266666667,2.933333333,-0.187431842088699,-0.665213827501117,-0.63439148573344,-0.11308744434241,0.62846105520943,4.875
48508,/Volumes/THOMAS/AHAB/ER/First_Level/48508/con_0002.nii,5.83333333333333,3.733333333,1.538461538,3.214285714,-0.399664402008057,-0.543635437235116,-0.518986697347312,-0.344478829912108,0.250968164241252,4.25
48571,/Volumes/THOMAS/AHAB/ER/First_Level/48571/con_0002.nii,4.66666666666667,2.642857143,1.076923077,2.615384615,0.0248233396559954,-0.575126725782953,-0.564681682221748,-0.0642677750933165,0.294959309285998,4.875
48900,/Volumes/THOMAS/AHAB/ER/First_Level/48900/con_0002.nii,3.66666666666667,4.538461538,1,3.461538462,-0.0276141576468945,-0.392737841774146,-0.395599295408317,-0.238410232486332,0.305317100333652,3.375
49423,/Volumes/THOMAS/AHAB/ER/First_Level/49423/con_0002.nii,4.5,4,1.4,3.615384615,0.0798596441745758,-0.414151876859594,-0.412204779060215,-0.397903004249844,0.241995192501793,5
49458,/Volumes/THOMAS/AHAB/ER/First_Level/49458/con_0002.nii,6.16666666666667,4.214285714,1.142857143,2.153846154,-0.0440337359905243,-0.46409361178514,-0.471304680259667,-0.505683306551956,0.741378366631953,6.5
49526,/Volumes/THOMAS/AHAB/ER/First_Level/49526/con_0002.nii,6.66666666666667,3.142857143,1,1.571428571,0.246136769652367,-0.263426764870919,-0.291192706449635,-0.476339938549605,-0.0119970269313763,7
49854,/Volumes/THOMAS/AHAB/ER/First_Level/49854/con_0002.nii,4.5,2.888888889,1.076923077,2.285714286,-0.130010798573494,-0.60862231113632,-0.585469579477402,-0.087464879757277,0.388594291207363,4.375
49940,/Volumes/THOMAS/AHAB/ER/First_Level/49940/con_0002.nii,4.66666666666667,4.181818182,1.076923077,2.466666667,-0.00370442471466959,-0.119730259551791,-0.149207408410383,-0.46665612967642,0.439617744354751,4.75
50032,/Volumes/THOMAS/AHAB/ER/First_Level/50032/con_0002.nii,4,3.533333333,1,3,0.163226649165154,-0.329057184958186,-0.349403571066465,-0.0940216427512542,0.53602070146884,5
50567,/Volumes/THOMAS/AHAB/ER/First_Level/50567/con_0002.nii,6.66666666666667,3.733333333,2,3.142857143,0.579468846321106,-0.780820541593568,-0.89162113675993,-0.0270751261779737,0.752285880275004,5.75
50587,/Volumes/THOMAS/AHAB/ER/First_Level/50587/con_0002.nii,5,3.714285714,1.066666667,3.266666667,0.12669874727726,0.140570288925383,0.136505599355463,-0.226411921968818,0.138796511460733,5
50876,/Volumes/THOMAS/AHAB/ER/First_Level/50876/con_0002.nii,5.66666666666667,3.6,1,2.923076923,0.101093016564846,0.120766779716174,0.106014348586718,-0.116175491638946,-0.347798578558059,4.75
50900,/Volumes/THOMAS/AHAB/ER/First_Level/50900/con_0002.nii,5.5,3.133333333,1,2.2,-0.158670365810394,0.0520745262417531,0.0521545043467701,-0.240172676087087,-0.0449263136839284,7
50907,/Volumes/THOMAS/AHAB/ER/First_Level/50907/con_0002.nii,4.83333333333333,3.133333333,1,2.2,-0.197523593902588,-0.522514256788402,-0.50613051157984,-0.325475042936364,0.241452794903404,4.875
50989,/Volumes/THOMAS/AHAB/ER/First_Level/50989/con_0002.nii,4.16666666666667,3.857142857,1.466666667,3.571428571,-0.0231186598539352,-0.293430932345659,-0.311746813809124,-0.0369660551468082,0.148226846085882,5.75
51067,/Volumes/THOMAS/AHAB/ER/First_Level/51067/con_0002.nii,4.83333333333333,2.5,1.2,2.066666667,-0.178920641541481,0.00357662339903771,0.0212335137597136,-0.0641158000951736,0.724048293314464,4.25
51361,/Volumes/THOMAS/AHAB/ER/First_Level/51361/con_0002.nii,5.33333333333333,2.857142857,1.4,2.428571429,-0.116615757346153,-0.706629823694689,-0.691222750648858,-0.0411597354323988,0.72230981264831,5.5
52173,/Volumes/THOMAS/AHAB/ER/First_Level/52173/con_0002.nii,5.16666666666667,3.615384615,1.333333333,2.466666667,-0.191958293318748,-0.548154327006055,-0.541706112990801,-0.234481679394406,0.670984853721928,4.875
52581,/Volumes/THOMAS/AHAB/ER/First_Level/52581/con_0002.nii,4.33333333333333,4.727272727,1.846153846,4.846153846,0.25421667098999,0.468969083873238,0.432308713808176,-0.108298492927365,-0.299701401158708,4.5
52614,/Volumes/THOMAS/AHAB/ER/First_Level/52614/con_0002.nii,6.33333333333333,3.142857143,1,2.533333333,-0.0654634982347488,-0.43518284799587,-0.427319826520813,-0.204722132852878,0.689121018249386,6.75
52623,/Volumes/THOMAS/AHAB/ER/First_Level/52623/con_0002.nii,5.33333333333333,3.333333333,1.266666667,3.266666667,-0.101797610521317,0.534762072140676,0.532176217540749,-0.200178424169459,0.440411023710063,5.375
52803,/Volumes/THOMAS/AHAB/ER/First_Level/52803/con_0002.nii,5.16666666666667,3.866666667,1,3.571428571,0.250669568777084,0.00954492918661481,-0.022744268228881,-0.41582393330705,0.313167876108397,5.5
52836,/Volumes/THOMAS/AHAB/ER/First_Level/52836/con_0002.nii,4.5,3.866666667,1.066666667,2.923076923,0.333925545215607,-0.177780801754819,-0.211053791369385,0.131686252450838,0.744346585906221,6
52876,/Volumes/THOMAS/AHAB/ER/First_Level/52876/con_0002.nii,5.66666666666667,3.5,2,3.846153846,0.103992462158203,-0.102123748055352,-0.113702911939235,-0.0508812030603992,0.209452921859063,6.5
52890,/Volumes/THOMAS/AHAB/ER/First_Level/52890/con_0002.nii,5,4.272727273,1,3,-0.0858852341771126,0.0658860072996448,0.0745494841769219,-0.0583762707576881,0.445933445712682,5
53006,/Volumes/THOMAS/AHAB/ER/First_Level/53006/con_0002.nii,4.83333333333333,2.071428571,1,2.2,0.0592939257621765,0.412453113395235,0.394579683975179,-0.154814159330319,-0.233581965708459,5
53118,/Volumes/THOMAS/AHAB/ER/First_Level/53118/con_0002.nii,5.83333333333333,3.818181818,1.071428571,2.615384615,0.0118000889196992,-0.368034456726112,-0.372188527500438,-0.0481660715303919,0.0411496435274395,5.25
53120,/Volumes/THOMAS/AHAB/ER/First_Level/53120/con_0002.nii,5.66666666666667,3.642857143,1.214285714,3.571428571,0.0987459346652031,-0.728740911128359,-0.739373714481284,-0.2175087028526,1.03559218947056,4.75
53320,/Volumes/THOMAS/AHAB/ER/First_Level/53320/con_0002.nii,5.66666666666667,1.466666667,1,1.642857143,0.151077508926392,-0.256357835823888,-0.273372923188575,-0.20037042606832,0.301926606318084,5.75
53583,/Volumes/THOMAS/AHAB/ER/First_Level/53583/con_0002.nii,4.33333333333333,2.6,1.133333333,2.461538462,0.0437880493700504,0.265959341248775,0.259985183206577,-0.378667325483954,0.0502585243546122,5.5
53804,/Volumes/THOMAS/AHAB/ER/First_Level/53804/con_0002.nii,4.33333333333333,2.333333333,1,2,0.0156477764248848,-0.31680495151037,-0.314356274658448,-0.198737785462341,0.0130967258840928,4
54033,/Volumes/THOMAS/AHAB/ER/First_Level/54033/con_0002.nii,5.16666666666667,3,1,2.5,-0.0371989980340004,0.0554882196166521,0.0537428804890747,-0.370255959600004,0.629772061080334,5.25
54144,/Volumes/THOMAS/AHAB/ER/First_Level/54144/con_0002.nii,4.5,3.428571429,1,3.266666667,-0.00647650985047221,0.0340114373224396,0.0406484631620911,-0.291008730672146,0.587833605782727,4.375
54171,/Volumes/THOMAS/AHAB/ER/First_Level/54171/con_0002.nii,5,3.8,1.307692308,3.071428571,0.195465162396431,0.0028383803556352,-0.013752659923222,-0.55457944849636,0.59971233737543,5
54286,/Volumes/THOMAS/AHAB/ER/First_Level/54286/con_0002.nii,3,3.428571429,2.8,3,-0.230355247855186,-0.330690544250101,-0.328596079607318,-0.341406612167823,-2.18604201609607,4
54576,/Volumes/THOMAS/AHAB/ER/First_Level/54576/con_0002.nii,5.33333333333333,4.666666667,1,3.8,0.000909195921849459,-0.355973672445113,-0.340113956430059,-0.547803121848268,0.228690256631393,4.625
54621,/Volumes/THOMAS/AHAB/ER/First_Level/54621/con_0002.nii,5.16666666666667,3.846153846,1.071428571,2.923076923,-0.00427863979712129,0.248859495861236,0.255230649372447,-0.272099068352546,0.0490789516874418,5
54742,/Volumes/THOMAS/AHAB/ER/First_Level/54742/con_0002.nii,3.83333333333333,1.846153846,1,1.785714286,-0.0351644046604633,0.310242780736851,0.29092561907645,-0.346608546468572,0.549405605536797,2.375
54776,/Volumes/THOMAS/AHAB/ER/First_Level/54776/con_0002.nii,5,4.466666667,1.066666667,3.933333333,-0.318267166614532,-0.132017548594359,-0.0924889980698729,-0.346888613435726,0.217552867440742,5
54779,/Volumes/THOMAS/AHAB/ER/First_Level/54779/con_0002.nii,4.66666666666667,4.4,1.071428571,2.533333333,-0.0188437979668379,-1.0561706983014,-1.05020159148602,-0.238249287402976,0.527827507196801,4.875
54818,/Volumes/THOMAS/AHAB/ER/First_Level/54818/con_0002.nii,4.16666666666667,3.428571429,1,3.142857143,0.204689398407936,-0.00698723428204677,-0.0302392021531353,-0.448348998599098,0.933251342620371,4.25
54855,/Volumes/THOMAS/AHAB/ER/First_Level/54855/con_0002.nii,4.83333333333333,3.4,1,2.571428571,0.0984122380614281,-0.220551076804201,-0.242853935725162,-0.0835108539894622,0.0562484599739148,3.875
54942,/Volumes/THOMAS/AHAB/ER/First_Level/54942/con_0002.nii,4,3,1,2.538461538,-0.0150030273944139,0.395864595099365,0.41452148660981,0.0808310277282676,0.155407174541417,4.125
55217,/Volumes/THOMAS/AHAB/ER/First_Level/55217/con_0002.nii,4,4.642857143,1.333333333,2.066666667,-0.0208292156457901,-0.31943398601275,-0.314671038488825,-0.259647916342434,0.25749737193725,4
55459,/Volumes/THOMAS/AHAB/ER/First_Level/55459/con_0002.nii,5.16666666666667,2.142857143,1,2.266666667,-0.288838654756546,0.483948193377173,0.50657445594686,-0.24609118234694,0.478451251636592,5
55978,/Volumes/THOMAS/AHAB/ER/First_Level/55978/con_0002.nii,4.5,4.357142857,1.066666667,2.4,-0.144879519939423,-0.387706239187075,-0.35971641831489,-0.176370227954719,0.270403175240123,4.75
56250,/Volumes/THOMAS/AHAB/ER/First_Level/56250/con_0002.nii,5.83333333333333,3.230769231,1.357142857,2.666666667,-0.0107393292710185,0.213238714458819,0.203729317387655,-0.511237247610179,0.576812725533984,5.5
56760,/Volumes/THOMAS/AHAB/ER/First_Level/56760/con_0002.nii,4,3.076923077,1,2.8,0.0264021754264832,0.0700468912897765,0.0709537714160847,-0.113032129461973,0.406667767432803,4.875
56800,/Volumes/THOMAS/AHAB/ER/First_Level/56800/con_0002.nii,7,4.181818182,1,3.888888889,0.427116930484772,0.635993390679991,0.5843215453809,0.203482921346808,-0.510696928389084,7
56955,/Volumes/THOMAS/AHAB/ER/First_Level/56955/con_0002.nii,5.66666666666667,3.857142857,1.5,1.928571429,-0.0328869298100471,-0.21505676340025,-0.203023289781196,-0.161737045859587,0.257709907732263,5.5
57037,/Volumes/THOMAS/AHAB/ER/First_Level/57037/con_0002.nii,1.83333333333333,3.833333333,1.214285714,3.642857143,-0.108749747276306,-0.252446667698467,-0.246432551799886,0.0784670180953079,0.6372049842877,2.5
57355,/Volumes/THOMAS/AHAB/ER/First_Level/57355/con_0002.nii,5.83333333333333,4.583333333,1.307692308,2.666666667,0.424564957618713,0.41779614123227,0.366907869940601,-0.40455287352292,0.135980324282806,5.375
57359,/Volumes/THOMAS/AHAB/ER/First_Level/57359/con_0002.nii,6.16666666666667,3.133333333,1,2.857142857,-0.0972088426351547,-0.366934555583103,-0.356606144964171,-0.147060368665532,0.292241498427499,5.375
57415,/Volumes/THOMAS/AHAB/ER/First_Level/57415/con_0002.nii,5.5,4,1,3.466666667,0.0218682885169983,-0.185363033215869,-0.180150907751592,-0.00355826803014323,0.450511600269765,5
57434,/Volumes/THOMAS/AHAB/ER/First_Level/57434/con_0002.nii,5.5,2.714285714,1,3.133333333,-0.221810549497604,-0.0333297030647821,0.0282615286030127,0.0918040898291963,-0.0419937536100893,5
57909,/Volumes/THOMAS/AHAB/ER/First_Level/57909/con_0002.nii,5,3.714285714,1.066666667,3.642857143,0.176813185214996,0.0889550383825868,0.0702268029151533,0.247182264005613,0.140198600233667,3.5
58322,/Volumes/THOMAS/AHAB/ER/First_Level/58322/con_0002.nii,5.66666666666667,3.071428571,1,2.266666667,0.160033583641052,0.135974619660965,0.110339000261994,-0.345989173844181,0.168627289323291,6
58334,/Volumes/THOMAS/AHAB/ER/First_Level/58334/con_0002.nii,6,3.461538462,1,2.142857143,0.0594752170145512,-0.183387763271973,-0.197585733489875,-0.228063774862707,0.556233685573648,5.5
58693,/Volumes/THOMAS/AHAB/ER/First_Level/58693/con_0002.nii,4.66666666666667,3.933333333,1.357142857,3.066666667,0.184919893741608,-0.216983135888554,-0.239880783735507,-0.425682667144992,0.858237651467532,5
58734,/Volumes/THOMAS/AHAB/ER/First_Level/58734/con_0002.nii,5,4.428571429,1,4.461538462,-0.0114619797095656,-0.301614024760142,-0.307850535027413,-0.313306994624995,0.706728068710516,5.75
58908,/Volumes/THOMAS/AHAB/ER/First_Level/58908/con_0002.nii,6.83333333333333,3.769230769,1.071428571,3.866666667,0.0803237482905388,0.528815822228989,0.516280176432624,-0.248492382070359,0.184729076387793,6
58920,/Volumes/THOMAS/AHAB/ER/First_Level/58920/con_0002.nii,4.66666666666667,3.142857143,1,3.266666667,0.00979311019182205,-0.109993530603799,-0.130198828822608,-0.315233573760707,0.884319833316438,4.5
59367,/Volumes/THOMAS/AHAB/ER/First_Level/59367/con_0002.nii,6,4.466666667,1.285714286,3.076923077,0.365633457899094,0.210370816138082,0.164194388626615,-0.121799460466499,0.280134122010604,6
59475,/Volumes/THOMAS/AHAB/ER/First_Level/59475/con_0002.nii,5.33333333333333,2.8,1,2.928571429,-0.103593476116657,0.554449245941609,0.569463707366232,-0.45933326712823,0.922856204565693,5.125
59673,/Volumes/THOMAS/AHAB/ER/First_Level/59673/con_0002.nii,5,4.230769231,1,3.466666667,-0.0382492206990719,-0.144444800671728,-0.129052672174665,-0.228097325494146,0.413934631411262,5
59699,/Volumes/THOMAS/AHAB/ER/First_Level/59699/con_0002.nii,6,2.428571429,1,2.266666667,0.0804351270198822,0.125455742913281,0.123354472140931,-0.000568932748352047,0.0665081969536904,7
59722,/Volumes/THOMAS/AHAB/ER/First_Level/59722/con_0002.nii,4.16666666666667,4.4,1.153846154,3.466666667,-0.0665218010544777,-0.0525187178727949,-0.0395505306247831,-0.455717584010954,0.877563809121262,4.5
